{
"lengthUnit": "mil",
"components": {
	"fields": ["COMPONENT_NO", "COMPONENT_NAME", "LAYER", "X_COORDINATE", "Y_COORDINATE", "ANGLE"],
	"rows": [
		[1, "180K", "T", 830, 1455, 0],
		[2, "D1", "T", 1755, 365, 90],
		[3, "U1", "T", 535, 715, 270],
		[4, "U4", "T", 1430, 205, 0],
		[5, "U5", "T", 2480, 15, 90],
		[6, "U8", "T", 1130, 1320, 0],
		[7, "PAD1", "T", 1245, 1205, 0],
		[8, "PAD1", "B", 1245, 1205, 0],
		[9, "PAD2", "T", 1245, 1105, 0],
		[10, "PAD2", "B", 1245, 1105, 0],
		[11, "PAD3", "T", 1245, 1005, 0],
		[12, "PAD3", "B", 1245, 1005, 0],
		[13, "PAD4", "T", 1245, 905, 0],
		[14, "PAD4", "B", 1245, 905, 0]
	]
},
"pins": {
	"fields": ["PIN_NO", "PIN_NAME", "PIN_X", "PIN_Y", "LAYER", "PIN_TYPE", "NET_NAME", "NET_TYPE", "PAD_SHAPE", "PAD_SIZEX", "PAD_SIZEY", "HOLE_SIZE", "PAD_ANGLE"],
	"rows": [
		[1, "180K_1", 627.24, 1455, "T", "DIP", "BAT", "", "C", 60, 60, 39.37, 0],
		[2, "180K_1", 627.24, 1455, "B", "DIP", "BAT", "", "C", 60, 60, 39.37, 0],
		[3, "180K_2", 1032.76, 1455, "T", "DIP", "$1N658", "", "C", 60, 60, 39.37, 0],
		[4, "180K_2", 1032.76, 1455, "B", "DIP", "$1N658", "", "C", 60, 60, 39.37, 0],
		[5, "D1_1", 1755, 193.74, "T", "DIP", "OUT+", "", "C", 70.87, 70.87, 39.37, 90],
		[6, "D1_1", 1755, 193.74, "B", "DIP", "OUT+", "", "C", 70.87, 70.87, 39.37, 90],
		[7, "D1_2", 1755, 536.26, "T", "DIP", "$1N681", "", "C", 70.87, 70.87, 39.37, 90],
		[8, "D1_2", 1755, 536.26, "B", "DIP", "$1N681", "", "C", 70.87, 70.87, 39.37, 90],
		[9, "U1_3V3", 85, 365, "T", "DIP", "3.3V", "", "R", 129.6, 72, 40, 180],
		[10, "U1_3V3", 85, 365, "B", "DIP", "3.3V", "", "R", 129.6, 72, 40, 180],
		[11, "U1_5V", 985, 365, "T", "DIP", "OUT+", "", "R", 129.6, 72, 40, 0],
		[12, "U1_5V", 985, 365, "B", "DIP", "OUT+", "", "R", 129.6, 72, 40, 0],
		[13, "U1_A0", 85, 965, "T", "DIP", "BAT", "", "R", 129.6, 72, 40, 180],
		[14, "U1_A0", 85, 965, "B", "DIP", "BAT", "", "R", 129.6, 72, 40, 180],
		[15, "U1_D0", 85, 865, "T", "DIP", "U1_D0", "", "R", 129.6, 72, 40, 180],
		[16, "U1_D0", 85, 865, "B", "DIP", "U1_D0", "", "R", 129.6, 72, 40, 180],
		[17, "U1_D1", 985, 865, "T", "DIP", "SCL", "", "R", 129.6, 72, 40, 0],
		[18, "U1_D1", 985, 865, "B", "DIP", "SCL", "", "R", 129.6, 72, 40, 0],
		[19, "U1_D2", 985, 765, "T", "DIP", "SDA", "", "R", 129.6, 72, 40, 0],
		[20, "U1_D2", 985, 765, "B", "DIP", "SDA", "", "R", 129.6, 72, 40, 0],
		[21, "U1_D3", 985, 665, "T", "DIP", "U1_D3", "", "R", 129.6, 72, 40, 0],
		[22, "U1_D3", 985, 665, "B", "DIP", "U1_D3", "", "R", 129.6, 72, 40, 0],
		[23, "U1_D4", 985, 565, "T", "DIP", "U1_D4", "", "R", 129.6, 72, 40, 0],
		[24, "U1_D4", 985, 565, "B", "DIP", "U1_D4", "", "R", 129.6, 72, 40, 0],
		[25, "U1_D5", 85, 765, "T", "DIP", "INT", "", "R", 129.6, 72, 40, 180],
		[26, "U1_D5", 85, 765, "B", "DIP", "INT", "", "R", 129.6, 72, 40, 180],
		[27, "U1_D6", 85, 665, "T", "DIP", "U1_D6", "", "R", 129.6, 72, 40, 180],
		[28, "U1_D6", 85, 665, "B", "DIP", "U1_D6", "", "R", 129.6, 72, 40, 180],
		[29, "U1_D7", 85, 565, "T", "DIP", "U1_D7", "", "R", 129.6, 72, 40, 180],
		[30, "U1_D7", 85, 565, "B", "DIP", "U1_D7", "", "R", 129.6, 72, 40, 180],
		[31, "U1_D8", 85, 465, "T", "DIP", "U1_D8", "", "R", 129.6, 72, 40, 180],
		[32, "U1_D8", 85, 465, "B", "DIP", "U1_D8", "", "R", 129.6, 72, 40, 180],
		[33, "U1_GND", 985, 465, "T", "DIP", "GND", "GND", "R", 129.6, 72, 40, 0],
		[34, "U1_GND", 985, 465, "B", "DIP", "GND", "GND", "R", 129.6, 72, 40, 0],
		[35, "U1_RST", 85, 1065, "T", "DIP", "U1_RST", "", "R", 129.6, 72, 40, 180],
		[36, "U1_RST", 85, 1065, "B", "DIP", "U1_RST", "", "R", 129.6, 72, 40, 180],
		[37, "U1_RX", 985, 965, "T", "DIP", "U1_RX", "", "R", 129.6, 72, 40, 0],
		[38, "U1_RX", 985, 965, "B", "DIP", "U1_RX", "", "R", 129.6, 72, 40, 0],
		[39, "U1_TX", 985, 1065, "T", "DIP", "U1_TX", "", "R", 129.6, 72, 40, 0],
		[40, "U1_TX", 985, 1065, "B", "DIP", "U1_TX", "", "R", 129.6, 72, 40, 0],
		[41, "U4_1", 1331.58, 205, "T", "DIP", "GND", "GND", "R", 60, 141.73, 36, 0],
		[42, "U4_1", 1331.58, 205, "B", "DIP", "GND", "GND", "R", 60, 141.73, 36, 0],
		[43, "U4_2", 1430, 205, "T", "DIP", "OUT-", "", "R", 60, 141.73, 36, 0],
		[44, "U4_2", 1430, 205, "B", "DIP", "OUT-", "", "R", 60, 141.73, 36, 0],
		[45, "U4_3", 1528.42, 205, "T", "DIP", "U4_3", "", "R", 60, 141.73, 36, 0],
		[46, "U4_3", 1528.42, 205, "B", "DIP", "U4_3", "", "R", 60, 141.73, 36, 0],
		[47, "U5_1", 1879.6, 83.9, "T", "DIP", "U5_1", "", "R", 118.11, 118.11, 78.74, 90],
		[48, "U5_1", 1879.6, 83.9, "B", "DIP", "U5_1", "", "R", 118.11, 118.11, 78.74, 90],
		[49, "U5_2", 2411.1, 83.9, "T", "DIP", "U5_2", "", "R", 118.11, 118.11, 78.74, 90],
		[50, "U5_2", 2411.1, 83.9, "B", "DIP", "U5_2", "", "R", 118.11, 118.11, 78.74, 90],
		[51, "U5_3", 2411.1, 989.41, "T", "DIP", "OUT-", "", "R", 118.11, 118.11, 78.74, 90],
		[52, "U5_3", 2411.1, 989.41, "B", "DIP", "OUT-", "", "R", 118.11, 118.11, 78.74, 90],
		[53, "U5_4", 1879.6, 989.41, "T", "DIP", "$1N681", "", "R", 118.11, 118.11, 78.74, 90],
		[54, "U5_4", 1879.6, 989.41, "B", "DIP", "$1N681", "", "R", 118.11, 118.11, 78.74, 90],
		[55, "U5_5", 2281.18, 989.41, "T", "DIP", "$1N673", "", "R", 118.11, 118.11, 78.74, 90],
		[56, "U5_5", 2281.18, 989.41, "B", "DIP", "$1N673", "", "R", 118.11, 118.11, 78.74, 90],
		[57, "U5_6", 2009.52, 989.41, "T", "DIP", "$1N658", "", "R", 118.11, 118.11, 78.74, 90],
		[58, "U5_6", 2009.52, 989.41, "B", "DIP", "$1N658", "", "R", 118.11, 118.11, 78.74, 90],
		[59, "U8_1", 1675, 1120, "T", "SMD", "3.3V", "", "R", 98.42, 55.12, 0, 180],
		[60, "U8_2", 1675, 1020, "T", "SMD", "GND", "GND", "R", 98.42, 55.12, 0, 180],
		[61, "U8_3", 1675, 920, "T", "SMD", "SCL", "", "R", 98.42, 55.12, 0, 180],
		[62, "U8_4", 1675, 820, "T", "SMD", "SDA", "", "R", 98.42, 55.12, 0, 180],
		[63, "U8_5", 1675, 720, "T", "SMD", "U8_5", "", "R", 98.42, 55.12, 0, 180],
		[64, "U8_6", 1675, 620, "T", "SMD", "INT", "", "R", 98.42, 55.12, 0, 180],
		[65, "U8_7", 1130, 1320, "T", "DIP", "3.3V", "", "R", 65, 65, 35, 180],
		[66, "U8_7", 1130, 1320, "B", "DIP", "3.3V", "", "R", 65, 65, 35, 180],
		[67, "U8_8", 1130, 1220, "T", "DIP", "GND", "GND", "C", 65, 65, 35, 90],
		[68, "U8_8", 1130, 1220, "B", "DIP", "GND", "GND", "C", 65, 65, 35, 90],
		[69, "U8_9", 1130, 1120, "T", "DIP", "SCL", "", "C", 65, 65, 35, 90],
		[70, "U8_9", 1130, 1120, "B", "DIP", "SCL", "", "C", 65, 65, 35, 90],
		[71, "U8_10", 1130, 1020, "T", "DIP", "SDA", "", "C", 65, 65, 35, 90],
		[72, "U8_10", 1130, 1020, "B", "DIP", "SDA", "", "C", 65, 65, 35, 90],
		[73, "U8_11", 1130, 920, "T", "DIP", "U8_11", "", "C", 65, 65, 35, 90],
		[74, "U8_11", 1130, 920, "B", "DIP", "U8_11", "", "C", 65, 65, 35, 90],
		[75, "U8_12", 1130, 820, "T", "DIP", "U8_12", "", "C", 65, 65, 35, 90],
		[76, "U8_12", 1130, 820, "B", "DIP", "U8_12", "", "C", 65, 65, 35, 90],
		[77, "U8_13", 1130, 720, "T", "DIP", "INT", "", "C", 65, 65, 35, 90],
		[78, "U8_13", 1130, 720, "B", "DIP", "INT", "", "C", 65, 65, 35, 90],
		[79, "U8_14", 1130, 620, "T", "DIP", "U8_14", "", "C", 65, 65, 35, 90],
		[80, "U8_14", 1130, 620, "B", "DIP", "U8_14", "", "C", 65, 65, 35, 90],
		[81, "U8_15", 1130, 520, "T", "DIP", "U8_15", "", "C", 65, 65, 35, 90],
		[82, "U8_15", 1130, 520, "B", "DIP", "U8_15", "", "C", 65, 65, 35, 90],
		[83, "U8_16", 1130, 420, "T", "DIP", "U8_16", "", "C", 65, 65, 35, 90],
		[84, "U8_16", 1130, 420, "B", "DIP", "U8_16", "", "C", 65, 65, 35, 90],
		[85, "PAD1_1", 1245, 1205, "T", "DIP", "3.3V", "", "C", 80, 80, 40, 180],
		[86, "PAD1_1", 1245, 1205, "B", "DIP", "3.3V", "", "C", 80, 80, 40, 180],
		[87, "PAD2_2", 1245, 1105, "T", "DIP", "GND", "GND", "C", 80, 80, 40, 180],
		[88, "PAD2_2", 1245, 1105, "B", "DIP", "GND", "GND", "C", 80, 80, 40, 180],
		[89, "PAD3_3", 1245, 1005, "T", "DIP", "SCL", "", "C", 80, 80, 40, 180],
		[90, "PAD3_3", 1245, 1005, "B", "DIP", "SCL", "", "C", 80, 80, 40, 180],
		[91, "PAD4_4", 1245, 905, "T", "DIP", "SDA", "", "C", 80, 80, 40, 180],
		[92, "PAD4_4", 1245, 905, "B", "DIP", "SDA", "", "C", 80, 80, 40, 180]
	]
}
}